"thing_key","thing_type","id","created_at","score","num_comments","title_sanitized","author_hash","permalink","subreddit","flair_text","ingested_at"
"2428c48e0b0b82bb58178a12274979a5ccfd1e7e7c893637ac34a49210b815ad",t3,"1nc8ou5",2025-09-09 05:42:43.000 +0200,3,10,"First Trip To Italy- 3 Week Itinerary + Remote Work ""Base"" Advice","91996009bd65b152adc79afb765cf63ce6b1b7a229f33c656e84db62dd5231af",https://www.reddit.com/r/italytravel/comments/1nc8ou5/first_trip_to_italy_3_week_itinerary_remote_work,ItalyTravel,Itinerary !!MUST PROVIDE TRAVEL DATES!!,2025-09-09 15:56:51.623 +0200
"2825465e9e05efa4294784e2dd9048667c438ac32a5dbb2632a4fb4118467010",t3,"1nc6cpg",2025-09-09 03:46:41.000 +0200,6,18,When is backtracking worth it?,"1fa4130f63bd8f272721f05f7b02ec973793c57b794e77e7beafb3742a14691c",https://www.reddit.com/r/italytravel/comments/1nc6cpg/when_is_backtracking_worth_it,ItalyTravel,Other,2025-09-09 15:56:51.623 +0200
c558b6afbbcabcd5253a40af45f154a2083c72636e3ca5bd323b6035ae140ed1,t3,"1nc1wbt",2025-09-09 00:27:16.000 +0200,3,3,Borghese gallery tickets - question,"30829bd10bb2638edb80ce7050995ff355418f5450bb052315d86505474eae18",https://www.reddit.com/r/italytravel/comments/1nc1wbt/borghese_gallery_tickets_question,ItalyTravel,Sightseeing & Activities !!MUST PROVIDE TRAVEL DATES!!,2025-09-09 15:56:51.623 +0200
"723f5cd2e1cca1ac4b5e3cd2491252615a8a1dd0bbacbb0cdc1bdb19b09098b5",t3,"1nc025i",2025-09-08 23:13:12.000 +0200,1,7,Private transfer or ferry to amalfi,a79dbfe58b6abe5d87de280906598cb50add3e6321b1b2f993262ab2a8138927,https://www.reddit.com/r/italytravel/comments/1nc025i/private_transfer_or_ferry_to_amalfi,ItalyTravel,Itinerary !!MUST PROVIDE TRAVEL DATES!!,2025-09-09 15:56:51.623 +0200
"85b0bdc0bf0af391bc7d48c352619dc4bd9330932e48a9bf555984f567b2d6d7",t3,"1nc9mc4",2025-09-09 06:31:51.000 +0200,0,11,€40K on a “5-Star” Lake Garda Hotel… and we felt totally unsafe,"7bd62c3741d746350d133bd7848d956a423a8769cbb943ba27c98ab95b875cf5",https://www.reddit.com/r/italytravel/comments/1nc9mc4/40k_on_a_5star_lake_garda_hotel_and_we_felt,ItalyTravel,Trip Report,2025-09-09 15:56:51.623 +0200
"574aa25c5e08ef035981e2acaef030b7fc17f154be9add0165bb0cdfb283e180",t3,"1ncamyq",2025-09-09 07:31:24.000 +0200,1,3,Relaxing weekend to end honeymoon at end of October - south of Rome? 10/24-10/27,c75f7e26fb62643b3de8ad772613df34b1d360e0f3a453c79e19d24a24521794,https://www.reddit.com/r/italytravel/comments/1ncamyq/relaxing_weekend_to_end_honeymoon_at_end_of,ItalyTravel,Itinerary !!MUST PROVIDE TRAVEL DATES!!,2025-09-09 15:56:51.623 +0200
ca04be9c7f9eca7618eeea232adb50e97408f3edf34e3e9c6677a4527f74bd34,t3,"1ncjzgf",2025-09-09 16:10:38.000 +0200,2,4,"Dolomites travel 10th and 11th September, is the weather gonna be bad ?",b0ee11a99d66cf26ca4513c7dfb39af49336f5e0db6b6b0cb0f7bb8fad738bc0,https://www.reddit.com/r/italytravel/comments/1ncjzgf/dolomites_travel_10th_and_11th_september_is_the,ItalyTravel,Sightseeing & Activities !!MUST PROVIDE TRAVEL DATES!!,2025-09-09 16:22:42.604 +0200
"9226c3f053339fe5f50a97761faf7f22a447653126e73569d0a461b5b9ef1958",t3,"1ncijbu",2025-09-09 15:11:48.000 +0200,1,1,Parcheggio e visita al museo di Padova,"252256971a27a9f2cd3a7188c74d4baaf31737168c9a3987dde93c80d61ebc6d",https://www.reddit.com/r/italytravel/comments/1ncijbu/parcheggio_e_visita_al_museo_di_padova,ItalyTravel,Sightseeing & Activities !!MUST PROVIDE TRAVEL DATES!!,2025-09-09 15:56:51.623 +0200
"756eff215f7d74b301288782b023e952373f1678767151bf84cfdeab328e62d0",t3,"1ncih1x",2025-09-09 15:09:09.000 +0200,1,1,Can I purchase this Napoli prematch kit in Rome or only in Naples?,"28bedccbe0c85156287e90a36a9a005233a18e8e810f645eb587907d6cf691ac",https://www.reddit.com/r/italytravel/comments/1ncih1x/can_i_purchase_this_napoli_prematch_kit_in_rome,ItalyTravel,Shopping,2025-09-09 15:56:51.623 +0200
"3c807246702a85a22c1fbc55c9300bdcc32071404114eaefc64893f0acf02eee",t3,"1nc22a2",2025-09-09 00:34:08.000 +0200,2,0,Tempio di Diana - Villa Borghese,"65402d1483cb37b5db38e4ee7fcd0c5213fc46caca481eeecebb742104b70143",https://www.reddit.com/r/italytravel/comments/1nc22a2/tempio_di_diana_villa_borghese,ItalyTravel,Other,2025-09-09 15:56:51.623 +0200
"2abfc165cb45fdaa059962d0837033f96fae96c1790596607e7b204bfe9a9266",t3,"1ncifm7",2025-09-09 15:07:25.000 +0200,1,15,October slow travel,"7c0b296cde457cfebe876e160d7b0d66bf74e43d1c1fb64fd725d318058ea110",https://www.reddit.com/r/italytravel/comments/1ncifm7/october_slow_travel,ItalyTravel,Itinerary !!MUST PROVIDE TRAVEL DATES!!,2025-09-09 15:56:51.623 +0200
eda08da4227845632a7b1a02b4f24a170a17cb23aafa0118856d9fd59db5efb1,t3,"1ncf947",2025-09-09 12:30:32.000 +0200,1,4,Rome colosseum tickets tomorrow - potential thunderstorm?,f4fc111ebd456e0e8e1681d49f79cf0b7f651803c232c0154d855cf2358e589d,https://www.reddit.com/r/italytravel/comments/1ncf947/rome_colosseum_tickets_tomorrow_potential,ItalyTravel,Sightseeing & Activities !!MUST PROVIDE TRAVEL DATES!!,2025-09-09 15:56:51.623 +0200
eb3065b14024eb53f7ae7fcf8f2c44183b1dfd782cbf87b4e8f88fa84bbc4691,t3,"1nci5ie",2025-09-09 14:55:31.000 +0200,1,6,Travel tips for Tuscany? Must sees and places to stay?,"06249b55714d0e6fbde2bf88fef7a444d1a4dc345f02629eddc6571f38894f77",https://www.reddit.com/r/italytravel/comments/1nci5ie/travel_tips_for_tuscany_must_sees_and_places_to,ItalyTravel,Itinerary !!MUST PROVIDE TRAVEL DATES!!,2025-09-09 15:56:51.623 +0200
"719e7a7d7bb66fd9def56e79f6536b0da65f900c471d00b4cb92d01aa4935db7",t3,"1nchvdw",2025-09-09 14:43:23.000 +0200,2,1,Atrani or Salerno? Best move for catching an 8:30 AM train to Florence,"6d8976668dcb9f2d0dbb5e4f87eba0b05bff9417a9def4cb26f1a88f4fb03edf",https://www.reddit.com/r/italytravel/comments/1nchvdw/atrani_or_salerno_best_move_for_catching_an_830,ItalyTravel,Other,2025-09-09 15:56:51.623 +0200
"061f31e6a41a5f2969419b5892612d0452a8e14b41318ba301e723b836d82f47",t3,"1nch2t6",2025-09-09 14:06:52.000 +0200,0,10,Camera gear - precautions required travelling in Italy?,"97c9f851fcbde8c43f0a0c49d9e1df4bbe1d6e8f83688ae3740c4cd3c1ec419b",https://www.reddit.com/r/italytravel/comments/1nch2t6/camera_gear_precautions_required_travelling_in,ItalyTravel,Other,2025-09-09 15:56:51.623 +0200
"23ef1905789830539ccfc07060222b2ccef3aa9decb0c3a66c0a653a8e3cdd9c",t3,"1nchkgf",2025-09-09 14:29:50.000 +0200,1,5,Summer 2026 or Winter 2028?,"55c00afc11a84b4294deb3dd0164fcde3bbab4e17f624a6c67c66ab58953f0c2",https://www.reddit.com/r/italytravel/comments/1nchkgf/summer_2026_or_winter_2028,ItalyTravel,Other,2025-09-09 15:56:51.623 +0200
"626298ac0d8b11ba001188e81073c6a51bf1c5186ce28b089842d26456f04d0d",t3,"1ncg1wi",2025-09-09 13:15:27.000 +0200,1,7,Halloween?,"7e27534f5cdb03cebb7d3da0c77e2bbe86f43f853bd316e30c010452ca5b0ce6",https://www.reddit.com/r/italytravel/comments/1ncg1wi/halloween,ItalyTravel,Other,2025-09-09 15:56:51.623 +0200
"8871105825f836dd9cefed90f72fbbe1ba62c72399954ff96a28506dca11bd9a",t3,"1ncfokd",2025-09-09 12:55:28.000 +0200,0,4,Drive time from Venice to Milan Bergamo Airport (BGY) accurate?,"01687e5fca87080c39cff57ec09ac3f6949418022aa53eebb44987eb32dd6d15",https://www.reddit.com/r/italytravel/comments/1ncfokd/drive_time_from_venice_to_milan_bergamo_airport,ItalyTravel,Transportation,2025-09-09 15:56:51.623 +0200
"927509614683b24405844e2080b3e9453bd0e2f412d190c81f8b4200b5de3b51",t3,"1ncmkez",2025-09-09 17:49:27.000 +0200,1,1,Tickets for Museum/Attractions 9/29-10/10,"6cc6c9927c81f755e7ae5b5ad6c117c15a977ac72946b21d84e0425ee6e67b58",https://www.reddit.com/r/italytravel/comments/1ncmkez/tickets_for_museumattractions_9291010,ItalyTravel,Sightseeing & Activities !!MUST PROVIDE TRAVEL DATES!!,2025-09-09 18:05:03.029 +0200
